31494759_[402-704%6]|osai13f_score_r01_g_gpu_01_paths|PENDING|a100|12|gres:gpu:a100:1|0:00|6:00:00|(JobArrayTaskLimit)
31628943|osai_audit_cuda_final_20261005|PENDING|a100|12|gres:gpu:a100:1|0:00|45:00|(Dependency)
31494759_399|osai13f_score_r01_g_gpu_01_paths|RUNNING|a100|12|gres:gpu:a100:1|45:47|6:00:00|gpu02
31494759_398|osai13f_score_r01_g_gpu_01_paths|RUNNING|a100|12|gres:gpu:a100:1|47:18|6:00:00|gpu02
31494759_397|osai13f_score_r01_g_gpu_01_paths|RUNNING|a100|12|gres:gpu:a100:1|1:16:27|6:00:00|gpu08
31494759_395|osai13f_score_r01_g_gpu_01_paths|RUNNING|a100|12|gres:gpu:a100:1|1:35:34|6:00:00|gpu02
31494759_401|osai13f_score_r01_g_gpu_01_paths|RUNNING|a100|12|gres:gpu:a100:1|7:06|6:00:00|gpu03
31494759_400|osai13f_score_r01_g_gpu_01_paths|RUNNING|a100|12|gres:gpu:a100:1|20:37|6:00:00|gpu02
29611226_[1-5441%6]|osai_rs13_resume|PENDING|a100,ica100|12|gres:gpu:1|0:00|6:00:00|(JobHeldUser)
29611225_[1-72%6]|osai_rs10_resume|PENDING|a100,ica100|12|gres:gpu:1|0:00|6:00:00|(JobHeldUser)
31494758_[1851-5291%13]|osai13f_score_r01_c_cpu_01_paths|PENDING|bigmem|12|N/A|0:00|1-00:00:00|(JobArrayTaskLimit)
31494758_1850|osai13f_score_r01_c_cpu_01_paths|RUNNING|bigmem|12|N/A|2:05|1-00:00:00|bigmem04
31494758_1849|osai13f_score_r01_c_cpu_01_paths|RUNNING|bigmem|12|N/A|6:06|1-00:00:00|bigmem06
31494758_1847|osai13f_score_r01_c_cpu_01_paths|RUNNING|bigmem|12|N/A|7:36|1-00:00:00|bigmem04
31494758_1848|osai13f_score_r01_c_cpu_01_paths|RUNNING|bigmem|12|N/A|7:36|1-00:00:00|bigmem15
31494758_1846|osai13f_score_r01_c_cpu_01_paths|RUNNING|bigmem|12|N/A|9:06|1-00:00:00|bigmem04
31494758_1845|osai13f_score_r01_c_cpu_01_paths|RUNNING|bigmem|12|N/A|9:36|1-00:00:00|bigmem08
31494758_1844|osai13f_score_r01_c_cpu_01_paths|RUNNING|bigmem|12|N/A|12:36|1-00:00:00|bigmem06
31494758_1843|osai13f_score_r01_c_cpu_01_paths|RUNNING|bigmem|12|N/A|13:06|1-00:00:00|bigmem18
31494758_1842|osai13f_score_r01_c_cpu_01_paths|RUNNING|bigmem|12|N/A|13:36|1-00:00:00|bigmem09
31494758_1841|osai13f_score_r01_c_cpu_01_paths|RUNNING|bigmem|12|N/A|14:37|1-00:00:00|bigmem17
31494758_1840|osai13f_score_r01_c_cpu_01_paths|RUNNING|bigmem|12|N/A|21:38|1-00:00:00|bigmem12
31494758_1839|osai13f_score_r01_c_cpu_01_paths|RUNNING|bigmem|12|N/A|26:09|1-00:00:00|bigmem04
31494758_1838|osai13f_score_r01_c_cpu_01_paths|RUNNING|bigmem|12|N/A|28:40|1-00:00:00|bigmem06
31494757_[2421,2432,2705-4248]|osai13f_score_r01_b_cpu_01_paths|PENDING|parallel|12|N/A|0:00|1-00:00:00|(JobArrayTaskLimit)
31494756_[5269-5270,5834-8381]|osai13f_score_r01_a_cpu_01_paths|PENDING|parallel|12|N/A|0:00|1-00:00:00|(JobArrayTaskLimit)
31494757_2704|osai13f_score_r01_b_cpu_01_paths|RUNNING|parallel|12|N/A|1:05|1-00:00:00|c219
31494757_2703|osai13f_score_r01_b_cpu_01_paths|RUNNING|parallel|12|N/A|2:05|1-00:00:00|c402
31494757_2700|osai13f_score_r01_b_cpu_01_paths|RUNNING|parallel|12|N/A|4:36|1-00:00:00|c684
31494757_2701|osai13f_score_r01_b_cpu_01_paths|RUNNING|parallel|12|N/A|4:36|1-00:00:00|c684
31494757_2702|osai13f_score_r01_b_cpu_01_paths|RUNNING|parallel|12|N/A|4:36|1-00:00:00|c684
31494757_2698|osai13f_score_r01_b_cpu_01_paths|RUNNING|parallel|12|N/A|7:05|1-00:00:00|c633
31494757_2699|osai13f_score_r01_b_cpu_01_paths|RUNNING|parallel|12|N/A|7:05|1-00:00:00|c437
31494757_2697|osai13f_score_r01_b_cpu_01_paths|RUNNING|parallel|12|N/A|7:36|1-00:00:00|c633
31494757_2696|osai13f_score_r01_b_cpu_01_paths|RUNNING|parallel|12|N/A|8:06|1-00:00:00|c413
31494757_2694|osai13f_score_r01_b_cpu_01_paths|RUNNING|parallel|12|N/A|11:36|1-00:00:00|c437
31494757_2695|osai13f_score_r01_b_cpu_01_paths|RUNNING|parallel|12|N/A|11:36|1-00:00:00|c413
31494757_2693|osai13f_score_r01_b_cpu_01_paths|RUNNING|parallel|12|N/A|12:06|1-00:00:00|c413
31494757_2691|osai13f_score_r01_b_cpu_01_paths|RUNNING|parallel|12|N/A|13:06|1-00:00:00|c652
31494757_2692|osai13f_score_r01_b_cpu_01_paths|RUNNING|parallel|12|N/A|13:06|1-00:00:00|c652
31494757_2690|osai13f_score_r01_b_cpu_01_paths|RUNNING|parallel|12|N/A|16:07|1-00:00:00|c272
31494757_2688|osai13f_score_r01_b_cpu_01_paths|RUNNING|parallel|12|N/A|16:37|1-00:00:00|c272
31494757_2689|osai13f_score_r01_b_cpu_01_paths|RUNNING|parallel|12|N/A|16:37|1-00:00:00|c114
31494757_2687|osai13f_score_r01_b_cpu_01_paths|RUNNING|parallel|12|N/A|18:07|1-00:00:00|c512
31494757_2686|osai13f_score_r01_b_cpu_01_paths|RUNNING|parallel|12|N/A|23:08|1-00:00:00|c672
31494757_2685|osai13f_score_r01_b_cpu_01_paths|RUNNING|parallel|12|N/A|28:40|1-00:00:00|c666
31494757_2684|osai13f_score_r01_b_cpu_01_paths|RUNNING|parallel|12|N/A|29:05|1-00:00:00|c437
31494757_2683|osai13f_score_r01_b_cpu_01_paths|RUNNING|parallel|12|N/A|32:42|1-00:00:00|c634
31494757_2682|osai13f_score_r01_b_cpu_01_paths|RUNNING|parallel|12|N/A|33:12|1-00:00:00|c569
31494757_2676|osai13f_score_r01_b_cpu_01_paths|RUNNING|parallel|12|N/A|38:14|1-00:00:00|c651
31494757_2187|osai13f_score_r01_b_cpu_01_paths|RUNNING|parallel|12|N/A|12:17:07|1-00:00:00|c060
31494756_5832|osai13f_score_r01_a_cpu_01_paths|RUNNING|parallel|12|N/A|0:35|1-00:00:00|c634
31494756_5833|osai13f_score_r01_a_cpu_01_paths|RUNNING|parallel|12|N/A|0:35|1-00:00:00|c651
31494756_5831|osai13f_score_r01_a_cpu_01_paths|RUNNING|parallel|12|N/A|2:05|1-00:00:00|c219
31494756_5830|osai13f_score_r01_a_cpu_01_paths|RUNNING|parallel|12|N/A|2:35|1-00:00:00|c219
31494756_5829|osai13f_score_r01_a_cpu_01_paths|RUNNING|parallel|12|N/A|3:05|1-00:00:00|c219
31494756_5828|osai13f_score_r01_a_cpu_01_paths|RUNNING|parallel|12|N/A|3:35|1-00:00:00|c050
31494756_5825|osai13f_score_r01_a_cpu_01_paths|RUNNING|parallel|12|N/A|4:36|1-00:00:00|c261
31494756_5826|osai13f_score_r01_a_cpu_01_paths|RUNNING|parallel|12|N/A|4:36|1-00:00:00|c114
31494756_5827|osai13f_score_r01_a_cpu_01_paths|RUNNING|parallel|12|N/A|4:36|1-00:00:00|c114
31494756_5824|osai13f_score_r01_a_cpu_01_paths|RUNNING|parallel|12|N/A|5:06|1-00:00:00|c402
31494756_5822|osai13f_score_r01_a_cpu_01_paths|RUNNING|parallel|12|N/A|5:36|1-00:00:00|c402
31494756_5823|osai13f_score_r01_a_cpu_01_paths|RUNNING|parallel|12|N/A|5:36|1-00:00:00|c402
31494756_5820|osai13f_score_r01_a_cpu_01_paths|RUNNING|parallel|12|N/A|6:06|1-00:00:00|c440
31494756_5821|osai13f_score_r01_a_cpu_01_paths|RUNNING|parallel|12|N/A|6:06|1-00:00:00|c440
31494756_5818|osai13f_score_r01_a_cpu_01_paths|RUNNING|parallel|12|N/A|7:06|1-00:00:00|c261
31494756_5819|osai13f_score_r01_a_cpu_01_paths|RUNNING|parallel|12|N/A|7:06|1-00:00:00|c173
31494756_5817|osai13f_score_r01_a_cpu_01_paths|RUNNING|parallel|12|N/A|7:36|1-00:00:00|c633
31494756_5816|osai13f_score_r01_a_cpu_01_paths|RUNNING|parallel|12|N/A|9:06|1-00:00:00|c633
31494756_5815|osai13f_score_r01_a_cpu_01_paths|RUNNING|parallel|12|N/A|10:06|1-00:00:00|c512
31494756_5814|osai13f_score_r01_a_cpu_01_paths|RUNNING|parallel|12|N/A|11:36|1-00:00:00|c413
31494756_5812|osai13f_score_r01_a_cpu_01_paths|RUNNING|parallel|12|N/A|12:06|1-00:00:00|c173
31494756_5813|osai13f_score_r01_a_cpu_01_paths|RUNNING|parallel|12|N/A|12:06|1-00:00:00|c173
31494756_5810|osai13f_score_r01_a_cpu_01_paths|RUNNING|parallel|12|N/A|12:36|1-00:00:00|c514
31494756_5811|osai13f_score_r01_a_cpu_01_paths|RUNNING|parallel|12|N/A|12:36|1-00:00:00|c514
31494756_5807|osai13f_score_r01_a_cpu_01_paths|RUNNING|parallel|12|N/A|13:06|1-00:00:00|c652
31494756_5808|osai13f_score_r01_a_cpu_01_paths|RUNNING|parallel|12|N/A|13:06|1-00:00:00|c652
31494756_5809|osai13f_score_r01_a_cpu_01_paths|RUNNING|parallel|12|N/A|13:06|1-00:00:00|c514
31494756_5806|osai13f_score_r01_a_cpu_01_paths|RUNNING|parallel|12|N/A|13:36|1-00:00:00|c514
31494756_5805|osai13f_score_r01_a_cpu_01_paths|RUNNING|parallel|12|N/A|16:07|1-00:00:00|c114
31494756_5803|osai13f_score_r01_a_cpu_01_paths|RUNNING|parallel|12|N/A|17:07|1-00:00:00|c512
31494756_5804|osai13f_score_r01_a_cpu_01_paths|RUNNING|parallel|12|N/A|17:07|1-00:00:00|c272
31494756_5802|osai13f_score_r01_a_cpu_01_paths|RUNNING|parallel|12|N/A|19:37|1-00:00:00|c173
31494756_5801|osai13f_score_r01_a_cpu_01_paths|RUNNING|parallel|12|N/A|20:07|1-00:00:00|c672
31494756_5800|osai13f_score_r01_a_cpu_01_paths|RUNNING|parallel|12|N/A|21:07|1-00:00:00|c208
31494756_5799|osai13f_score_r01_a_cpu_01_paths|RUNNING|parallel|12|N/A|21:38|1-00:00:00|c512
31494756_5797|osai13f_score_r01_a_cpu_01_paths|RUNNING|parallel|12|N/A|25:09|1-00:00:00|c208
31494756_5798|osai13f_score_r01_a_cpu_01_paths|RUNNING|parallel|12|N/A|25:09|1-00:00:00|c208
31494756_5795|osai13f_score_r01_a_cpu_01_paths|RUNNING|parallel|12|N/A|28:10|1-00:00:00|c672
31494756_5796|osai13f_score_r01_a_cpu_01_paths|RUNNING|parallel|12|N/A|28:10|1-00:00:00|c672
31494756_5792|osai13f_score_r01_a_cpu_01_paths|RUNNING|parallel|12|N/A|28:40|1-00:00:00|c666
31494756_5793|osai13f_score_r01_a_cpu_01_paths|RUNNING|parallel|12|N/A|28:40|1-00:00:00|c666
31494756_5794|osai13f_score_r01_a_cpu_01_paths|RUNNING|parallel|12|N/A|28:40|1-00:00:00|c666
31494756_5791|osai13f_score_r01_a_cpu_01_paths|RUNNING|parallel|12|N/A|29:10|1-00:00:00|c208
31494756_5790|osai13f_score_r01_a_cpu_01_paths|RUNNING|parallel|12|N/A|30:05|1-00:00:00|c684
31494756_5788|osai13f_score_r01_a_cpu_01_paths|RUNNING|parallel|12|N/A|30:11|1-00:00:00|c634
31494756_5789|osai13f_score_r01_a_cpu_01_paths|RUNNING|parallel|12|N/A|30:11|1-00:00:00|c634
31494756_5787|osai13f_score_r01_a_cpu_01_paths|RUNNING|parallel|12|N/A|30:41|1-00:00:00|c272
31494756_5784|osai13f_score_r01_a_cpu_01_paths|RUNNING|parallel|12|N/A|31:11|1-00:00:00|c060
31494756_5785|osai13f_score_r01_a_cpu_01_paths|RUNNING|parallel|12|N/A|31:11|1-00:00:00|c261
31494756_5786|osai13f_score_r01_a_cpu_01_paths|RUNNING|parallel|12|N/A|31:11|1-00:00:00|c261
31494756_4810|osai13f_score_r01_a_cpu_01_paths|RUNNING|parallel|12|N/A|11:37:32|1-00:00:00|c460
31494756_4809|osai13f_score_r01_a_cpu_01_paths|RUNNING|parallel|12|N/A|11:38:02|1-00:00:00|c460
31494756_4766|osai13f_score_r01_a_cpu_01_paths|RUNNING|parallel|12|N/A|12:07:07|1-00:00:00|c050
31494756_4767|osai13f_score_r01_a_cpu_01_paths|RUNNING|parallel|12|N/A|12:07:07|1-00:00:00|c050
31494756_4745|osai13f_score_r01_a_cpu_01_paths|RUNNING|parallel|12|N/A|12:17:07|1-00:00:00|c060
