31494759_[378-704%6]|osai13f_score_r01_g_gpu_01_paths|PENDING|a100|12|gres:gpu:a100:1|0:00|6:00:00|(JobArrayTaskLimit)
31494759_371|osai13f_score_r01_g_gpu_01_paths|RUNNING|a100|12|gres:gpu:a100:1|1:07:46|6:00:00|gpu08
31494759_377|osai13f_score_r01_g_gpu_01_paths|RUNNING|a100|12|gres:gpu:a100:1|5:47|6:00:00|gpu03
31494759_376|osai13f_score_r01_g_gpu_01_paths|RUNNING|a100|12|gres:gpu:a100:1|10:53|6:00:00|gpu02
31494759_375|osai13f_score_r01_g_gpu_01_paths|RUNNING|a100|12|gres:gpu:a100:1|15:29|6:00:00|gpu02
31494759_373|osai13f_score_r01_g_gpu_01_paths|RUNNING|a100|12|gres:gpu:a100:1|25:20|6:00:00|gpu02
31494759_372|osai13f_score_r01_g_gpu_01_paths|RUNNING|a100|12|gres:gpu:a100:1|44:20|6:00:00|gpu03
29611226_[1-5441%6]|osai_rs13_resume|PENDING|a100,ica100|12|gres:gpu:1|0:00|6:00:00|(JobHeldUser)
29611225_[1-72%6]|osai_rs10_resume|PENDING|a100,ica100|12|gres:gpu:1|0:00|6:00:00|(JobHeldUser)
31494758_[1667-5291%13]|osai13f_score_r01_c_cpu_01_paths|PENDING|bigmem|12|N/A|0:00|1-00:00:00|(JobArrayTaskLimit)
31494758_1666|osai13f_score_r01_c_cpu_01_paths|RUNNING|bigmem|12|N/A|1:41|1-00:00:00|bigmem06
31494758_1665|osai13f_score_r01_c_cpu_01_paths|RUNNING|bigmem|12|N/A|3:13|1-00:00:00|bigmem12
31494758_1664|osai13f_score_r01_c_cpu_01_paths|RUNNING|bigmem|12|N/A|4:45|1-00:00:00|bigmem08
31494758_1663|osai13f_score_r01_c_cpu_01_paths|RUNNING|bigmem|12|N/A|5:16|1-00:00:00|bigmem17
31494758_1662|osai13f_score_r01_c_cpu_01_paths|RUNNING|bigmem|12|N/A|7:18|1-00:00:00|bigmem06
31494758_1661|osai13f_score_r01_c_cpu_01_paths|RUNNING|bigmem|12|N/A|7:49|1-00:00:00|bigmem15
31494758_1660|osai13f_score_r01_c_cpu_01_paths|RUNNING|bigmem|12|N/A|9:21|1-00:00:00|bigmem11
31494758_1659|osai13f_score_r01_c_cpu_01_paths|RUNNING|bigmem|12|N/A|10:22|1-00:00:00|bigmem18
31494758_1658|osai13f_score_r01_c_cpu_01_paths|RUNNING|bigmem|12|N/A|13:26|1-00:00:00|bigmem09
31494758_1657|osai13f_score_r01_c_cpu_01_paths|RUNNING|bigmem|12|N/A|14:28|1-00:00:00|bigmem12
31494758_1656|osai13f_score_r01_c_cpu_01_paths|RUNNING|bigmem|12|N/A|19:03|1-00:00:00|bigmem06
31494758_1655|osai13f_score_r01_c_cpu_01_paths|RUNNING|bigmem|12|N/A|24:40|1-00:00:00|bigmem04
31494758_1653|osai13f_score_r01_c_cpu_01_paths|RUNNING|bigmem|12|N/A|28:15|1-00:00:00|bigmem08
31494757_[2421,2432,2451-4248]|osai13f_score_r01_b_cpu_01_paths|PENDING|parallel|12|N/A|0:00|1-00:00:00|(JobArrayTaskLimit)
31494756_[5269-5270,5306-8381]|osai13f_score_r01_a_cpu_01_paths|PENDING|parallel|12|N/A|0:00|1-00:00:00|(JobArrayTaskLimit)
31494757_2449|osai13f_score_r01_b_cpu_01_paths|RUNNING|parallel|12|N/A|1:11|1-00:00:00|c714
31494757_2450|osai13f_score_r01_b_cpu_01_paths|RUNNING|parallel|12|N/A|1:11|1-00:00:00|c714
31494757_2447|osai13f_score_r01_b_cpu_01_paths|RUNNING|parallel|12|N/A|1:41|1-00:00:00|c714
31494757_2448|osai13f_score_r01_b_cpu_01_paths|RUNNING|parallel|12|N/A|1:41|1-00:00:00|c714
31494757_2445|osai13f_score_r01_b_cpu_01_paths|RUNNING|parallel|12|N/A|3:13|1-00:00:00|c440
31494757_2446|osai13f_score_r01_b_cpu_01_paths|RUNNING|parallel|12|N/A|3:13|1-00:00:00|c440
31494757_2444|osai13f_score_r01_b_cpu_01_paths|RUNNING|parallel|12|N/A|6:48|1-00:00:00|c424
31494757_2443|osai13f_score_r01_b_cpu_01_paths|RUNNING|parallel|12|N/A|7:18|1-00:00:00|c424
31494757_2442|osai13f_score_r01_b_cpu_01_paths|RUNNING|parallel|12|N/A|8:50|1-00:00:00|c424
31494757_2441|osai13f_score_r01_b_cpu_01_paths|RUNNING|parallel|12|N/A|10:22|1-00:00:00|c539
31494757_2440|osai13f_score_r01_b_cpu_01_paths|RUNNING|parallel|12|N/A|11:54|1-00:00:00|c431
31494757_2439|osai13f_score_r01_b_cpu_01_paths|RUNNING|parallel|12|N/A|15:29|1-00:00:00|c539
31494757_2438|osai13f_score_r01_b_cpu_01_paths|RUNNING|parallel|12|N/A|16:30|1-00:00:00|c126
31494757_2435|osai13f_score_r01_b_cpu_01_paths|RUNNING|parallel|12|N/A|17:32|1-00:00:00|c581
31494757_2436|osai13f_score_r01_b_cpu_01_paths|RUNNING|parallel|12|N/A|17:32|1-00:00:00|c560
31494757_2437|osai13f_score_r01_b_cpu_01_paths|RUNNING|parallel|12|N/A|17:32|1-00:00:00|c560
31494757_2434|osai13f_score_r01_b_cpu_01_paths|RUNNING|parallel|12|N/A|19:03|1-00:00:00|c099
31494757_2433|osai13f_score_r01_b_cpu_01_paths|RUNNING|parallel|12|N/A|19:34|1-00:00:00|c560
31494757_2431|osai13f_score_r01_b_cpu_01_paths|RUNNING|parallel|12|N/A|26:12|1-00:00:00|c581
31494757_2430|osai13f_score_r01_b_cpu_01_paths|RUNNING|parallel|12|N/A|27:44|1-00:00:00|c300
31494757_2429|osai13f_score_r01_b_cpu_01_paths|RUNNING|parallel|12|N/A|28:45|1-00:00:00|c549
31494757_2427|osai13f_score_r01_b_cpu_01_paths|RUNNING|parallel|12|N/A|29:16|1-00:00:00|c549
31494757_2428|osai13f_score_r01_b_cpu_01_paths|RUNNING|parallel|12|N/A|29:16|1-00:00:00|c549
31494757_2420|osai13f_score_r01_b_cpu_01_paths|RUNNING|parallel|12|N/A|40:35|1-00:00:00|c229
31494757_2187|osai13f_score_r01_b_cpu_01_paths|RUNNING|parallel|12|N/A|6:14:20|1-00:00:00|c060
31494756_5305|osai13f_score_r01_a_cpu_01_paths|RUNNING|parallel|12|N/A|1:11|1-00:00:00|c060
31494756_5304|osai13f_score_r01_a_cpu_01_paths|RUNNING|parallel|12|N/A|2:12|1-00:00:00|c512
31494756_5302|osai13f_score_r01_a_cpu_01_paths|RUNNING|parallel|12|N/A|3:13|1-00:00:00|c460
31494756_5303|osai13f_score_r01_a_cpu_01_paths|RUNNING|parallel|12|N/A|3:13|1-00:00:00|c460
31494756_5301|osai13f_score_r01_a_cpu_01_paths|RUNNING|parallel|12|N/A|5:16|1-00:00:00|c560
31494756_5300|osai13f_score_r01_a_cpu_01_paths|RUNNING|parallel|12|N/A|6:48|1-00:00:00|c050
31494756_5299|osai13f_score_r01_a_cpu_01_paths|RUNNING|parallel|12|N/A|7:18|1-00:00:00|c341
31494756_5298|osai13f_score_r01_a_cpu_01_paths|RUNNING|parallel|12|N/A|8:50|1-00:00:00|c424
31494756_5294|osai13f_score_r01_a_cpu_01_paths|RUNNING|parallel|12|N/A|9:21|1-00:00:00|c126
31494756_5295|osai13f_score_r01_a_cpu_01_paths|RUNNING|parallel|12|N/A|9:21|1-00:00:00|c050
31494756_5296|osai13f_score_r01_a_cpu_01_paths|RUNNING|parallel|12|N/A|9:21|1-00:00:00|c041
31494756_5297|osai13f_score_r01_a_cpu_01_paths|RUNNING|parallel|12|N/A|9:21|1-00:00:00|c041
31494756_5293|osai13f_score_r01_a_cpu_01_paths|RUNNING|parallel|12|N/A|10:22|1-00:00:00|c539
31494756_5290|osai13f_score_r01_a_cpu_01_paths|RUNNING|parallel|12|N/A|11:54|1-00:00:00|c431
31494756_5291|osai13f_score_r01_a_cpu_01_paths|RUNNING|parallel|12|N/A|11:54|1-00:00:00|c431
31494756_5292|osai13f_score_r01_a_cpu_01_paths|RUNNING|parallel|12|N/A|11:54|1-00:00:00|c041
31494756_5289|osai13f_score_r01_a_cpu_01_paths|RUNNING|parallel|12|N/A|12:25|1-00:00:00|c431
31494756_5288|osai13f_score_r01_a_cpu_01_paths|RUNNING|parallel|12|N/A|13:57|1-00:00:00|c516
31494756_5287|osai13f_score_r01_a_cpu_01_paths|RUNNING|parallel|12|N/A|14:58|1-00:00:00|c516
31494756_5285|osai13f_score_r01_a_cpu_01_paths|RUNNING|parallel|12|N/A|17:01|1-00:00:00|c512
31494756_5286|osai13f_score_r01_a_cpu_01_paths|RUNNING|parallel|12|N/A|17:01|1-00:00:00|c440
31494756_5283|osai13f_score_r01_a_cpu_01_paths|RUNNING|parallel|12|N/A|18:33|1-00:00:00|c516
31494756_5284|osai13f_score_r01_a_cpu_01_paths|RUNNING|parallel|12|N/A|18:33|1-00:00:00|c126
31494756_5282|osai13f_score_r01_a_cpu_01_paths|RUNNING|parallel|12|N/A|19:03|1-00:00:00|c099
31494756_5280|osai13f_score_r01_a_cpu_01_paths|RUNNING|parallel|12|N/A|21:06|1-00:00:00|c341
31494756_5281|osai13f_score_r01_a_cpu_01_paths|RUNNING|parallel|12|N/A|21:06|1-00:00:00|c440
31494756_5277|osai13f_score_r01_a_cpu_01_paths|RUNNING|parallel|12|N/A|23:08|1-00:00:00|c516
31494756_5278|osai13f_score_r01_a_cpu_01_paths|RUNNING|parallel|12|N/A|23:08|1-00:00:00|c300
31494756_5279|osai13f_score_r01_a_cpu_01_paths|RUNNING|parallel|12|N/A|23:08|1-00:00:00|c099
31494756_5275|osai13f_score_r01_a_cpu_01_paths|RUNNING|parallel|12|N/A|23:39|1-00:00:00|c300
31494756_5276|osai13f_score_r01_a_cpu_01_paths|RUNNING|parallel|12|N/A|23:39|1-00:00:00|c099
31494756_5273|osai13f_score_r01_a_cpu_01_paths|RUNNING|parallel|12|N/A|24:40|1-00:00:00|c512
31494756_5274|osai13f_score_r01_a_cpu_01_paths|RUNNING|parallel|12|N/A|24:40|1-00:00:00|c300
31494756_5272|osai13f_score_r01_a_cpu_01_paths|RUNNING|parallel|12|N/A|25:11|1-00:00:00|c041
31494756_5267|osai13f_score_r01_a_cpu_01_paths|RUNNING|parallel|12|N/A|25:41|1-00:00:00|c581
31494756_5268|osai13f_score_r01_a_cpu_01_paths|RUNNING|parallel|12|N/A|25:41|1-00:00:00|c229
31494756_5271|osai13f_score_r01_a_cpu_01_paths|RUNNING|parallel|12|N/A|25:41|1-00:00:00|c126
31494756_5266|osai13f_score_r01_a_cpu_01_paths|RUNNING|parallel|12|N/A|26:12|1-00:00:00|c229
31494756_5265|osai13f_score_r01_a_cpu_01_paths|RUNNING|parallel|12|N/A|27:13|1-00:00:00|c581
31494756_5264|osai13f_score_r01_a_cpu_01_paths|RUNNING|parallel|12|N/A|27:44|1-00:00:00|c341
31494756_5262|osai13f_score_r01_a_cpu_01_paths|RUNNING|parallel|12|N/A|29:16|1-00:00:00|c549
31494756_5263|osai13f_score_r01_a_cpu_01_paths|RUNNING|parallel|12|N/A|29:16|1-00:00:00|c512
31494756_5238|osai13f_score_r01_a_cpu_01_paths|RUNNING|parallel|12|N/A|50:17|1-00:00:00|c060
31494756_5230|osai13f_score_r01_a_cpu_01_paths|RUNNING|parallel|12|N/A|53:52|1-00:00:00|c341
31494756_5229|osai13f_score_r01_a_cpu_01_paths|RUNNING|parallel|12|N/A|54:23|1-00:00:00|c229
31494756_5228|osai13f_score_r01_a_cpu_01_paths|RUNNING|parallel|12|N/A|56:27|1-00:00:00|c539
31494756_4810|osai13f_score_r01_a_cpu_01_paths|RUNNING|parallel|12|N/A|5:34:45|1-00:00:00|c460
31494756_4809|osai13f_score_r01_a_cpu_01_paths|RUNNING|parallel|12|N/A|5:35:15|1-00:00:00|c460
31494756_4766|osai13f_score_r01_a_cpu_01_paths|RUNNING|parallel|12|N/A|6:04:20|1-00:00:00|c050
31494756_4767|osai13f_score_r01_a_cpu_01_paths|RUNNING|parallel|12|N/A|6:04:20|1-00:00:00|c050
31494756_4745|osai13f_score_r01_a_cpu_01_paths|RUNNING|parallel|12|N/A|6:14:20|1-00:00:00|c060
